<?xml version="1.0" encoding="UTF-8"?><rss version="2.0"
	xmlns:content="http://purl.org/rss/1.0/modules/content/"
	xmlns:wfw="http://wellformedweb.org/CommentAPI/"
	xmlns:dc="http://purl.org/dc/elements/1.1/"
	xmlns:atom="http://www.w3.org/2005/Atom"
	xmlns:sy="http://purl.org/rss/1.0/modules/syndication/"
	xmlns:slash="http://purl.org/rss/1.0/modules/slash/"
	>

<channel>
	<title>Science Fiction &#8211; Σπύρος Τζώρτζης</title>
	<atom:link href="https://spytzo-static-page.pages.dev/tag/science-fiction/feed/" rel="self" type="application/rss+xml" />
	<link>https://spytzo-static-page.pages.dev/</link>
	<description>το blog μου</description>
	<lastBuildDate>Fri, 26 Jun 2020 20:44:29 +0000</lastBuildDate>
	<language>el</language>
	<sy:updatePeriod>
	hourly	</sy:updatePeriod>
	<sy:updateFrequency>
	1	</sy:updateFrequency>
	<generator>https://wordpress.org/?v=5.6.2</generator>

<image>
	<url>https://spytzo-static-page.pages.dev/wp-content/uploads/2015/08/circle-icon1-150x150.png</url>
	<title>Science Fiction &#8211; Σπύρος Τζώρτζης</title>
	<link>https://spytzo-static-page.pages.dev/</link>
	<width>32</width>
	<height>32</height>
</image> 
	<item>
		<title>Η καύτρα που παγώνει</title>
		<link>https://spytzo-static-page.pages.dev/2015/kautra/</link>
					<comments>https://spytzo-static-page.pages.dev/2015/kautra/#respond</comments>
		
		<dc:creator><![CDATA[Σπύρος Τζώρτζης]]></dc:creator>
		<pubDate>Mon, 09 Feb 2015 21:29:06 +0000</pubDate>
				<category><![CDATA[Αχαρτογράφητα]]></category>
		<category><![CDATA[Cinema]]></category>
		<category><![CDATA[Science Fiction]]></category>
		<guid isPermaLink="false">https://spytzo-static-page.pages.dev/?p=137</guid>

					<description><![CDATA[<p>Μόλις επέστρεψα από το σινεμά, μόλις επέστρεψε το κρύο στην Αθήνα. Είναι ξανά η στιγμή -νιώθω- να βγάλω το μπλε μου παλτουδάκι, αυτό που πήραμε μαζί. Γυρίζω τούμπα τη χιονόμπαλα και το χιόνι αρνείται να πέσει, όπως στις ταινίες που ο χρόνος σταματά, όπως το ποτάμι δεν κυλάει όταν δεν έχει πού να πάει.</p>
<p>The post <a rel="nofollow" href="https://spytzo-static-page.pages.dev/2015/kautra/">Η καύτρα που παγώνει</a> appeared first on <a rel="nofollow" href="https://spytzo-static-page.pages.dev/">Σπύρος Τζώρτζης</a>.</p>
]]></description>
										<content:encoded><![CDATA[
<p>Ένας γνωστός μου το &#8216;χε και το &#8216;λεγε, πως τον παππού του τον σκότωσε το τσιγάρο. Μέσα στον εμφύλιο, ένας αντάρτης τυφεκιοφόρος τον εντόπισε στο απέναντι βουνό από την καύτρα του τσιγάρου, αυτό που θα λέγαμε η τελευταία του πνοή.</p>



<p>Περιμένω τους φίλους μου. Μια καύτρα κάτω από τα δέντρα της Κλαυθμώνος, ανάβει και σβήνει, ανάβει και σβήνει, φάρος, ανάβει και σβήνει, ικανός να σκοτώσει, να σου κόψει την ανάσα. 70 λεπτά ενίοτε δεν είναι αρκετά, απόψε μού εξαγόρασαν ένα ευχαριστώ και μια καληνύχτα.</p>



<p>Μόλις επέστρεψα από το <a title="The Imitation Game" href="http://www.imdb.com/title/tt2084970">σινεμά</a>, μόλις επέστρεψε το κρύο στην Αθήνα. Είναι ξανά η στιγμή -νιώθω- να βγάλω το μπλε μου παλτουδάκι, αυτό που πήραμε μαζί. Γυρίζω τούμπα τη χιονόμπαλα και το χιόνι αρνείται να πέσει, όπως στις ταινίες που ο χρόνος σταματά, όπως το ποτάμι δεν κυλάει όταν δεν έχει πού να πάει.</p>



<figure class="wp-block-embed-youtube wp-block-embed is-type-video is-provider-youtube wp-embed-aspect-16-9 wp-has-aspect-ratio"><div class="wp-block-embed__wrapper">
<iframe title="Interpol - Obstacle 1 - Lyrics" width="580" height="326" src="https://www.youtube.com/embed/SrAOxvhC4DY?feature=oembed" frameborder="0" allow="accelerometer; autoplay; encrypted-media; gyroscope; picture-in-picture" allowfullscreen></iframe>
</div></figure>



<p>&#8220;So what am I, a human or a machine?&#8221;. Το περίφημο Τεστ του Alan Turing προϋποθέτει την παρουσία ενός ανθρώπου, ενός υπολογιστή και ενός αντικειμενικού εξωτερικού παρατηρητή, με τον τελευταίο να πρέπει να ξεχωρίσει πότε μιλάει με τον έναν και πότε με τον άλλον. Έτσι, το ίδιο το τεστ δεν αφορά τη δυνατότητα ενός υπολογιστή να δώσει τις σωστές απαντήσεις, αλλά τις ίδιες με αυτές που θα έδινε ένας άνθρωπος.</p>



<p>Η ερώτηση, λοιπόν, αλλάζει. Έχουν οι μηχανές μυστικά; Μπορούν να αποφύγουν να δώσουν μία απάντηση ώστε να προστατεύσουν μία πληροφορία;</p>



<span id="more-137"></span>



<blockquote class="wp-block-quote"><p><i>Το ρομπότ δε θα κάνει κακό σε άνθρωπο, ούτε με την αδράνειά του θα επιτρέψει να βλαφτεί ανθρώπινο όν.</i><br><i>Το ρομπότ πρέπει να υπακούει τις διαταγές που του δίνουν οι άνθρωποι, εκτός αν αυτές οι διαταγές έρχονται σε αντίθεση με τον πρώτο νόμο.</i><br><i>Το ρομπότ οφείλει να προστατεύει την ύπαρξή του, εφόσον αυτό δεν συγκρούεται με τον πρώτο και τον δεύτερο νόμο.</i></p></blockquote>



<p>7 λεπτά από τον χρόνο σας. Ευχαριστώ και καληνύχτα.</p>
<p>The post <a rel="nofollow" href="https://spytzo-static-page.pages.dev/2015/kautra/">Η καύτρα που παγώνει</a> appeared first on <a rel="nofollow" href="https://spytzo-static-page.pages.dev/">Σπύρος Τζώρτζης</a>.</p>
]]></content:encoded>
					
					<wfw:commentRss>https://spytzo-static-page.pages.dev/2015/kautra/feed/</wfw:commentRss>
			<slash:comments>0</slash:comments>
		
		
			</item>
	</channel>
</rss>

<!--
Performance optimized by W3 Total Cache. Learn more: https://www.boldgrid.com/w3-total-cache/

Object Caching 38/40 objects using disk
Page Caching using disk: enhanced 
Lazy Loading (feed)
Database Caching 2/28 queries in 0.012 seconds using memcached

Served from: spytzo.gr @ 2021-03-03 21:25:23 by W3 Total Cache
-->