<?xml version="1.0" encoding="UTF-8"?><rss version="2.0"
	xmlns:content="http://purl.org/rss/1.0/modules/content/"
	xmlns:wfw="http://wellformedweb.org/CommentAPI/"
	xmlns:dc="http://purl.org/dc/elements/1.1/"
	xmlns:atom="http://www.w3.org/2005/Atom"
	xmlns:sy="http://purl.org/rss/1.0/modules/syndication/"
	xmlns:slash="http://purl.org/rss/1.0/modules/slash/"
	>

<channel>
	<title>Μη κατηγοριοποιημένο &#8211; Σπύρος Τζώρτζης</title>
	<atom:link href="./../../%CE%BC%CE%B7-%CE%BA%CE%B1%CF%84%CE%B7%CE%B3%CE%BF%CF%81%CE%B9%CE%BF%CF%80%CE%BF%CE%B9%CE%B7%CE%BC%CE%AD%CE%BD%CE%BF/feed/index.html" rel="self" type="application/rss+xml" />
	<link>./../../index.html</link>
	<description>το blog μου</description>
	<lastBuildDate>Thu, 26 Nov 2020 08:56:15 +0000</lastBuildDate>
	<language>el</language>
	<sy:updatePeriod>
	hourly	</sy:updatePeriod>
	<sy:updateFrequency>
	1	</sy:updateFrequency>
	<generator>https://wordpress.org/?v=5.6.2</generator>

<image>
	<url>./../../wp-content/uploads/2015/08/circle-icon1-150x150.png</url>
	<title>Μη κατηγοριοποιημένο &#8211; Σπύρος Τζώρτζης</title>
	<link>./../../index.html</link>
	<width>32</width>
	<height>32</height>
</image> 
	<item>
		<title>Πρόβα χορού</title>
		<link>./../../2015/prova-chorou/index.html</link>
					<comments>./../../2015/prova-chorou/index.html#respond</comments>
		
		<dc:creator><![CDATA[Σπύρος Τζώρτζης]]></dc:creator>
		<pubDate>Sun, 22 Mar 2015 15:48:13 +0000</pubDate>
				<category><![CDATA[Αχαρτογράφητα]]></category>
		<category><![CDATA[Μη κατηγοριοποιημένο]]></category>
		<guid isPermaLink="false">./../../index.html?p=268</guid>

					<description><![CDATA[<p>Κάθε φορά που ξεκινάω να σου γράψω είναι σαν να κρατάω στα χέρια μου ένα ποτήρι κρασί, μικρό.</p>
<p>The post <a rel="nofollow" href="./../../2015/prova-chorou/index.html">Πρόβα χορού</a> appeared first on <a rel="nofollow" href="./../../index.html">Σπύρος Τζώρτζης</a>.</p>
]]></description>
										<content:encoded><![CDATA[<pre>Jin G. Kam, <em>Deep Pink</em></pre>
<p>Κάθε φορά που ξεκινάω να σου γράψω είναι σαν να κρατάω στα χέρια μου ένα ποτήρι κρασί, μικρό. Το τέλος του μού είναι εξαρχής γνωστό:<span id="more-268"></span> το ποτήρι θα αδειάσει και ό,τι μείνει θα είναι μια ελαφριά μέθη απενοχοποιημένη και μια ελάχιστα ανεβασμένη θερμοκρασία.<br />
Έχει πολύ ενδιαφέρον να παρακολουθώ μια πρόβα χορού. Για κάποιον που είχε ερωτευτεί το βάδισμά σου, και μάλιστα τα πιο μικρά από τα βήματα σου, από τον καναπέ στην κουζινούλα, είναι υπέροχο το πόσο αδειάζω σαν το ποτήρι και χαζεύω και μου αρέσει.<br />
Είναι λες και μου έμαθες τελικά να χορεύω.</p>
<p>The post <a rel="nofollow" href="./../../2015/prova-chorou/index.html">Πρόβα χορού</a> appeared first on <a rel="nofollow" href="./../../index.html">Σπύρος Τζώρτζης</a>.</p>
]]></content:encoded>
					
					<wfw:commentRss>./../../2015/prova-chorou/feed/index.html</wfw:commentRss>
			<slash:comments>0</slash:comments>
		
		
			</item>
		<item>
		<title>Σημείο φυγής</title>
		<link>./../../2015/simio-figis/index.html</link>
					<comments>./../../2015/simio-figis/index.html#respond</comments>
		
		<dc:creator><![CDATA[Σπύρος Τζώρτζης]]></dc:creator>
		<pubDate>Thu, 12 Mar 2015 22:19:34 +0000</pubDate>
				<category><![CDATA[Αχαρτογράφητα]]></category>
		<category><![CDATA[Μη κατηγοριοποιημένο]]></category>
		<category><![CDATA[Cinema]]></category>
		<guid isPermaLink="false">./../../index.html?p=237</guid>

					<description><![CDATA[<p>Το σημείο φυγής σε έναν πίνακα είναι η φυσιολογική κατάληξη του ματιού, εκεί που όλα μοιάζουν να οδηγούν. Είναι θέση ισχύος, ηρεμίας, ασφάλειας, ολοκλήρωσης.</p>
<p>The post <a rel="nofollow" href="./../../2015/simio-figis/index.html">Σημείο φυγής</a> appeared first on <a rel="nofollow" href="./../../index.html">Σπύρος Τζώρτζης</a>.</p>
]]></description>
										<content:encoded><![CDATA[<pre>Neues Schloss Herrenchiemsee, Herreninsel, Chiemsee, Bavaria</pre>
<p>Στις εικαστικές τέχνες υπάρχει ένα πάρα πολύ ενδιαφέρον concept, αυτό του σημείου φυγής. Είναι κάτι που οι ζωγράφοι και οι αρχιτέκτονες μαθαίνουν όπως το &#8220;βου και α, βα&#8221;, εμείς, όμως, οι οικονομικάριοι χρειάζεται να ψάξουμε λίγο περισσότερο <a title="Χάρρυ Κλυνν - Περί ταινίαι τέχνης (3)" href="https://www.youtube.com/watch?v=O9u2I1kzck4" target="_blank" rel="noopener noreferrer">που την πάει ο μάγκας τη δουλειά</a>.<span id="more-237"></span><br />
<img loading="lazy" class="aligncenter size-full wp-image-303" src="./../../wp-content/uploads/2015/03/van-gogh-perspective1.jpg" alt="van-gogh-perspective[1]" width="630" height="490" srcset="./../../wp-content/uploads/2015/03/van-gogh-perspective1.jpg 630w, ./../../wp-content/uploads/2015/03/van-gogh-perspective1-300x233.jpg 300w" sizes="(max-width: 630px) 100vw, 630px" /><br />
Το σημείο φυγής σε έναν πίνακα είναι η φυσιολογική κατάληξη του ματιού, εκεί που όλα μοιάζουν να οδηγούν. Είναι από μόνο του μία θέση ισχύος, ηρεμίας, ασφάλειας, ολοκλήρωσης. Η παρουσία του και μόνο ξεκουράζει τον θεατή, δίνει χώρο στην ψυχή και στο συναίσθημα και διευρύνει την κατανόηση μας για το θέμα που παρακολουθούμε.<br />
Μια ακόμη πρόσφατη ανακάλυψη είναι ότι μια κινηματογραφική κάμερα βλέπει πιο καθαρά αρκετά μέτρα μακριά της παρά λίγα εκατοστά μπροστά της. Μια κάμερα είναι φτιαγμένη να καταγράφει αλήθειες ή να λέει περίτεχνα ψέμματα, επομένως είναι φυσιολογικό να επεκτείνει την όρασή της σε πολύ μεγάλο βάθος πεδίου και να αγνοεί την εμπόδια που βρίσκονται εκείνη την στιγμή μπροστά της.<br />
Θα το ήθελα πολύ να ξεκουράσω την ψυχή μου πάνω σου.</p>
<p>The post <a rel="nofollow" href="./../../2015/simio-figis/index.html">Σημείο φυγής</a> appeared first on <a rel="nofollow" href="./../../index.html">Σπύρος Τζώρτζης</a>.</p>
]]></content:encoded>
					
					<wfw:commentRss>./../../2015/simio-figis/feed/index.html</wfw:commentRss>
			<slash:comments>0</slash:comments>
		
		
			</item>
	</channel>
</rss>

<!--
Performance optimized by W3 Total Cache. Learn more: https://www.boldgrid.com/w3-total-cache/

Object Caching 46/48 objects using disk
Page Caching using disk: enhanced 
Lazy Loading (feed)
Database Caching 2/31 queries in 0.017 seconds using memcached

Served from: spytzo.gr @ 2021-03-03 21:25:25 by W3 Total Cache
-->