<?xml version="1.0" encoding="UTF-8"?><rss version="2.0"
	xmlns:content="http://purl.org/rss/1.0/modules/content/"
	xmlns:wfw="http://wellformedweb.org/CommentAPI/"
	xmlns:dc="http://purl.org/dc/elements/1.1/"
	xmlns:atom="http://www.w3.org/2005/Atom"
	xmlns:sy="http://purl.org/rss/1.0/modules/syndication/"
	xmlns:slash="http://purl.org/rss/1.0/modules/slash/"
	>

<channel>
	<title>Unsplash &#8211; Σπύρος Τζώρτζης</title>
	<atom:link href="./index.html" rel="self" type="application/rss+xml" />
	<link>./../../../index.html</link>
	<description>το blog μου</description>
	<lastBuildDate>Sat, 09 May 2020 22:37:35 +0000</lastBuildDate>
	<language>el</language>
	<sy:updatePeriod>
	hourly	</sy:updatePeriod>
	<sy:updateFrequency>
	1	</sy:updateFrequency>
	<generator>https://wordpress.org/?v=5.6.2</generator>

<image>
	<url>./../../../wp-content/uploads/2015/08/circle-icon1-150x150.png</url>
	<title>Unsplash &#8211; Σπύρος Τζώρτζης</title>
	<link>./../../../index.html</link>
	<width>32</width>
	<height>32</height>
</image> 
	<item>
		<title>Το πράσινο σπίτι</title>
		<link>./../../../2015/to-prasino-spiti/index.html</link>
					<comments>./../../../2015/to-prasino-spiti/index.html#respond</comments>
		
		<dc:creator><![CDATA[Σπύρος Τζώρτζης]]></dc:creator>
		<pubDate>Sat, 06 Jun 2015 19:25:18 +0000</pubDate>
				<category><![CDATA[Αχαρτογράφητα]]></category>
		<category><![CDATA[Unsplash]]></category>
		<guid isPermaLink="false">./../../../index.html?p=370</guid>

					<description><![CDATA[<p>Πριν λίγες μέρες, ζήτησα από φίλους μου να διαλέξουν ανάμεσα σε δύο φωτογραφίες του Unsplash με την υπόσχεση να γράψω μία ιστορία με βάση την πιο δημοφιλή. Είναι ένα παιχνίδι που λέω να συνεχίσω, οπότε ελπίζω πραγματικά ελπίζω να βγήκε κάτι καλό και να σας αρέσει. Σχόλια, κριτικές, προτάσεις, από κάτω. Υπάρχει ένα πράγμα που με [&#8230;]</p>
<p>The post <a rel="nofollow" href="./../../../2015/to-prasino-spiti/index.html">Το πράσινο σπίτι</a> appeared first on <a rel="nofollow" href="./../../../index.html">Σπύρος Τζώρτζης</a>.</p>
]]></description>
										<content:encoded><![CDATA[
<p><em>Πριν λίγες μέρες, ζήτησα από φίλους μου να διαλέξουν ανάμεσα σε δύο φωτογραφίες του <a rel="noopener noreferrer" href="https://unsplash.com/" target="_blank">Unsplash</a> με την υπόσχεση να γράψω μία ιστορία με βάση την πιο δημοφιλή. Είναι ένα παιχνίδι που λέω να συνεχίσω, οπότε ελπίζω πραγματικά ελπίζω να βγήκε κάτι καλό και να σας αρέσει. Σχόλια, κριτικές, προτάσεις, από κάτω.</em></p>



<p>Υπάρχει ένα πράγμα που με πιάνει το καλοκαίρι εδώ στην ΑΘήνα, και το παρατηρώ όλο και πιο έντονα όσο μεγαλώνω. Ένα από τα μεγάλα μου παράπονα από τη ζωή στην είναι ότι <strong>δεν έχει μυρωδιά</strong>. Και δεν εννοώ ότι δεν έχει όμορφα σημεία, ή ότι δεν έχει <em>ωραία</em> μυρωδιά, αλλά ότι πολλές φορές είναι σαν να μην έχει καθόλου! Είναι λες και αυτοί οι δρόμοι δεν έχουν τίποτα να πουν, καμία ανάγκη να ξεχωρίσουν, καμία θέληση να μοιάζουν ανθρώπινοι. Οι μόνες φορές που καταλαβαίνω κάτι διαφορετικό είναι, για παράδειγμα, όταν οι Σομαλοί στο ισόγειο έχουν μαγειρέψει -ποιος ξέρει τι- και βρωμάει τέλεια όλο το ασανσέρ, ή όποτε περνάω έξω από κάτι μπαλκόνια με απλωμένα παπλώματα που στάζουν μαλακτικό.</p>



<p>Στην Αθήνα είμαι τώρα έξι χρόνια, αλλά και πάλι δυσκολεύομαι να πάρω απόφαση πως έγινα <a rel="noopener noreferrer" href="http://www.slang.gr/lemma/470-athinezos" target="_blank">Αθηνέζος</a>. Δεν ήταν αυτά τα πλάνα μου, αλλά αυτό δεν έχει καμία σημασία. Αυτό που έχει σημασία είναι ότι όποτε καμιά φορά γυρίζω &#8220;στο χωριό μου&#8221; και κυκλοφορώ ένα γύρω με το ποδήλατο, είναι λες και μου ξαναβάζει κάποιος τα ρουθούνια στη θέση τους, σαν εκείνες τις κούκλες με τον Κύριο Πατάτα. <strong>Ο χάρτης της πόλης που μεγάλωσα</strong> είναι φτιαγμένος με δεκάδες σημαδάκια από τα μέρη που σημαίνουν κάτι για μένα, από τις γωνιές που έχουν κάτι να πουν, που ξεχωρίζουν, που μοιάζουν ανθρώπινες. Ένα από αυτά τα σημεία είναι και το πράσινο σπίτι.</p>



<p>Το πράσινο σπίτι είναι χτισμένο λίγα τετράγωνα μακριά από το κέντρο της πόλης, εκεί που κάποτε ήταν οι παραδοσιακές κατοικίες των ψαράδων. Είναι ένα σπίτι που μοιάζει παράταιρο, το καημένο, ανάμεσα στα άλλα τα χαμηλά, τα πετρόκτιστα με τα κεραμίδια. Ετούτο είναι ψηλοτάβανο, καινούργιο, φρεσκοβαμμένο, με ξύλινες διάκοσμους, ξένο κι αυτό σαν τους Σομαλούς μου. Μόνιμοι κάτοικοι της οικίας ήταν ένας κύριος και δύο κυρίες, αδέρφια, μετανάστες από τη Γερμανία και την Αυστραλία στα καλά τα χρόνια που έπαιζαν δουλειές στο εξωτερικό για τους αποφοίτους της έκτης γυμνασίου. Η γιαγιά μου με έστελνε συχνά πυκνά με δέματα <strong>για τους παλιούς της γείτονες</strong>, συνήθεια που κρατήσαμε σε κάθε περίπτωση για πολλά χρόνια.<br>Για αυτά τα θελήματα δεν είπα ποτέ όχι. Για κάθε μία διαδρομή από την πόρτα μας στην πόρτα τους, θυμάμαι πάντα μια αίσθηση ευθύνης και μια ανυπομονησία, απότοκο της διακριτικής αρχοντιάς τους σε κάθε τι. Πάντα φιλόξενοι, με μια σοκολάτα για μένα &#8220;που την έστελνε ο άλλος αδερφός&#8221;, και ποτέ να μη φεύγω με άδεια χέρια για το σπίτι. Ήταν από εκείνους τους ανθρώπους που χαιρόταν ο παππούς μου να καθαρογράφει <strong>το τηλέφωνό τους</strong> στον κατάλογο, κάθε φορά που άλλαζε ατζέντα.</p>



<p>Μέχρι και σήμερα, το πράσινο σπίτι είναι ακόμα στη θέση του, οι πόρτες του είναι ανοιχτές, τα τζάμια του σπασμένα, ανοιχτά κι αυτά, σαν ρουθούνια, στη θέση τους για να χαζεύουν τα λόγια μας, τις πράξεις μας, την ανθρωπιά μας.<br> </p>



<p><em>Link για τη φωτογραφία <a rel="noopener noreferrer" href="https://unsplash.com/photos/QSo5qo-fWOQ/" target="_blank" class="broken_link">https://unsplash.com/photos/QSo5qo-fWOQ/</a>. Για την ιστορία (pun), το σκορ ήταν 9-6 και η φωτογραφία που δεν επιλέχθηκε ήταν <a rel="noopener noreferrer" href="https://unsplash.com/photos/BnYkT95oHHg" target="_blank">αυτή εδώ</a>.</em></p>
<p>The post <a rel="nofollow" href="./../../../2015/to-prasino-spiti/index.html">Το πράσινο σπίτι</a> appeared first on <a rel="nofollow" href="./../../../index.html">Σπύρος Τζώρτζης</a>.</p>
]]></content:encoded>
					
					<wfw:commentRss>./../../../2015/to-prasino-spiti/feed/index.html</wfw:commentRss>
			<slash:comments>0</slash:comments>
		
		
			</item>
	</channel>
</rss>

<!--
Performance optimized by W3 Total Cache. Learn more: https://www.boldgrid.com/w3-total-cache/

Object Caching 35/37 objects using disk
Page Caching using disk: enhanced 
Lazy Loading (feed)
Database Caching 3/28 queries in 0.012 seconds using memcached

Served from: spytzo.gr @ 2021-03-03 21:25:23 by W3 Total Cache
-->