<?xml version="1.0" encoding="UTF-8"?><rss version="2.0"
	xmlns:content="http://purl.org/rss/1.0/modules/content/"
	xmlns:dc="http://purl.org/dc/elements/1.1/"
	xmlns:atom="http://www.w3.org/2005/Atom"
	xmlns:sy="http://purl.org/rss/1.0/modules/syndication/"
	
	>
<channel>
	<title>
	Σχόλια σε: Μια φράση klein blue	</title>
	<atom:link href="./index.html" rel="self" type="application/rss+xml" />
	<link>./../index.html</link>
	<description>το blog μου</description>
	<lastBuildDate>Sat, 09 May 2020 22:37:35 +0000</lastBuildDate>
	<sy:updatePeriod>
	hourly	</sy:updatePeriod>
	<sy:updateFrequency>
	1	</sy:updateFrequency>
	<generator>https://wordpress.org/?v=5.6.2</generator>
	<item>
		<title>
		Από: Themis Savvidis		</title>
		<link>./../index.html#comment-4</link>

		<dc:creator><![CDATA[Themis Savvidis]]></dc:creator>
		<pubDate>Fri, 10 Jul 2015 17:48:00 +0000</pubDate>
		<guid isPermaLink="false">./../../../index.html?p=405#comment-4</guid>

					<description><![CDATA[Μάλλον κανείς μας δεν το βλέπει σωστά παρά μόνο ο Klein.]]></description>
			<content:encoded><![CDATA[<p>Μάλλον κανείς μας δεν το βλέπει σωστά παρά μόνο ο Klein.</p>
]]></content:encoded>
		
			</item>
	</channel>
</rss>

<!--
Performance optimized by W3 Total Cache. Learn more: https://www.boldgrid.com/w3-total-cache/

Object Caching 24/26 objects using disk
Page Caching using disk: enhanced 
Lazy Loading (feed)
Database Caching 2/24 queries in 0.009 seconds using memcached

Served from: spytzo.gr @ 2021-03-03 21:25:05 by W3 Total Cache
-->