<?xml version="1.0" encoding="UTF-8"?><rss version="2.0"
	xmlns:content="http://purl.org/rss/1.0/modules/content/"
	xmlns:dc="http://purl.org/dc/elements/1.1/"
	xmlns:atom="http://www.w3.org/2005/Atom"
	xmlns:sy="http://purl.org/rss/1.0/modules/syndication/"
	
	>
<channel>
	<title>
	Σχόλια σε: Θάρρος και Αλήθεια	</title>
	<atom:link href="https://spytzo-static-page.pages.dev/2015/tharros-i-alithia/feed/" rel="self" type="application/rss+xml" />
	<link>https://spytzo-static-page.pages.dev/2015/tharros-i-alithia/</link>
	<description>το blog μου</description>
	<lastBuildDate>Sat, 09 May 2020 22:37:36 +0000</lastBuildDate>
	<sy:updatePeriod>
	hourly	</sy:updatePeriod>
	<sy:updateFrequency>
	1	</sy:updateFrequency>
	<generator>https://wordpress.org/?v=5.6.2</generator>
	<item>
		<title>
		Από: dtzortzis42		</title>
		<link>https://spytzo-static-page.pages.dev/2015/tharros-i-alithia/#comment-3</link>

		<dc:creator><![CDATA[dtzortzis42]]></dc:creator>
		<pubDate>Sun, 22 Feb 2015 00:30:00 +0000</pubDate>
		<guid isPermaLink="false">https://spytzo-static-page.pages.dev/?p=202#comment-3</guid>

					<description><![CDATA[Επίσης, για πολύ ωραία θεατρική παράσταση στο σινεμά, δες το Venus in Furs, είναι πολύ καλό! Το βλέπω ξανά αν θες :-) ]]></description>
			<content:encoded><![CDATA[<p>Επίσης, για πολύ ωραία θεατρική παράσταση στο σινεμά, δες το Venus in Furs, είναι πολύ καλό! Το βλέπω ξανά αν θες 🙂 </p>
]]></content:encoded>
		
			</item>
		<item>
		<title>
		Από: dtzortzis42		</title>
		<link>https://spytzo-static-page.pages.dev/2015/tharros-i-alithia/#comment-2</link>

		<dc:creator><![CDATA[dtzortzis42]]></dc:creator>
		<pubDate>Sat, 21 Feb 2015 09:57:00 +0000</pubDate>
		<guid isPermaLink="false">https://spytzo-static-page.pages.dev/?p=202#comment-2</guid>

					<description><![CDATA[&quot;λες και οι φοβιτσιάρηδες κατουρήσαμε στο πηγάδι&quot;
Πολύ καλό! ]]></description>
			<content:encoded><![CDATA[<p>&#8220;λες και οι φοβιτσιάρηδες κατουρήσαμε στο πηγάδι&#8221;<br />
Πολύ καλό! </p>
]]></content:encoded>
		
			</item>
	</channel>
</rss>

<!--
Performance optimized by W3 Total Cache. Learn more: https://www.boldgrid.com/w3-total-cache/

Object Caching 25/27 objects using disk
Page Caching using disk: enhanced 
Lazy Loading (feed)
Database Caching 2/26 queries in 0.011 seconds using memcached

Served from: spytzo.gr @ 2021-03-03 21:25:07 by W3 Total Cache
-->