<?xml version="1.0" encoding="UTF-8"?><rss version="2.0"
	xmlns:content="http://purl.org/rss/1.0/modules/content/"
	xmlns:dc="http://purl.org/dc/elements/1.1/"
	xmlns:atom="http://www.w3.org/2005/Atom"
	xmlns:sy="http://purl.org/rss/1.0/modules/syndication/"
	
	>
<channel>
	<title>
	Σχόλια σε: Κουτσό	</title>
	<atom:link href="./index.html" rel="self" type="application/rss+xml" />
	<link>./../index.html</link>
	<description>το blog μου</description>
	<lastBuildDate>Sat, 09 May 2020 22:37:33 +0000</lastBuildDate>
	<sy:updatePeriod>
	hourly	</sy:updatePeriod>
	<sy:updateFrequency>
	1	</sy:updateFrequency>
	<generator>https://wordpress.org/?v=5.6.2</generator>
	<item>
		<title>
		Από: dtzortzis42		</title>
		<link>./../index.html#comment-7</link>

		<dc:creator><![CDATA[dtzortzis42]]></dc:creator>
		<pubDate>Wed, 30 Mar 2016 08:39:00 +0000</pubDate>
		<guid isPermaLink="false">./../../../index.html?p=518#comment-7</guid>

					<description><![CDATA[Να σου πάρουμε κρεβάτι ρε παλικαράκι μου...!]]></description>
			<content:encoded><![CDATA[<p>Να σου πάρουμε κρεβάτι ρε παλικαράκι μου&#8230;!</p>
]]></content:encoded>
		
			</item>
	</channel>
</rss>

<!--
Performance optimized by W3 Total Cache. Learn more: https://www.boldgrid.com/w3-total-cache/

Object Caching 24/26 objects using disk
Page Caching using disk: enhanced 
Lazy Loading (feed)
Database Caching 2/24 queries in 0.010 seconds using memcached

Served from: spytzo.gr @ 2021-03-03 21:24:41 by W3 Total Cache
-->