<?xml version="1.0" encoding="UTF-8"?><rss version="2.0"
	xmlns:content="http://purl.org/rss/1.0/modules/content/"
	xmlns:wfw="http://wellformedweb.org/CommentAPI/"
	xmlns:dc="http://purl.org/dc/elements/1.1/"
	xmlns:atom="http://www.w3.org/2005/Atom"
	xmlns:sy="http://purl.org/rss/1.0/modules/syndication/"
	xmlns:slash="http://purl.org/rss/1.0/modules/slash/"
	>

<channel>
	<title>Cinema &#8211; Σπύρος Τζώρτζης</title>
	<atom:link href="https://spytzo-static-page.pages.dev/tag/cinema/feed/" rel="self" type="application/rss+xml" />
	<link>https://spytzo-static-page.pages.dev/</link>
	<description>το blog μου</description>
	<lastBuildDate>Thu, 26 Nov 2020 08:56:15 +0000</lastBuildDate>
	<language>el</language>
	<sy:updatePeriod>
	hourly	</sy:updatePeriod>
	<sy:updateFrequency>
	1	</sy:updateFrequency>
	<generator>https://wordpress.org/?v=5.6.2</generator>

<image>
	<url>https://spytzo-static-page.pages.dev/wp-content/uploads/2015/08/circle-icon1-150x150.png</url>
	<title>Cinema &#8211; Σπύρος Τζώρτζης</title>
	<link>https://spytzo-static-page.pages.dev/</link>
	<width>32</width>
	<height>32</height>
</image> 
	<item>
		<title>Σημείο φυγής</title>
		<link>https://spytzo-static-page.pages.dev/2015/simio-figis/</link>
					<comments>https://spytzo-static-page.pages.dev/2015/simio-figis/#respond</comments>
		
		<dc:creator><![CDATA[Σπύρος Τζώρτζης]]></dc:creator>
		<pubDate>Thu, 12 Mar 2015 22:19:34 +0000</pubDate>
				<category><![CDATA[Αχαρτογράφητα]]></category>
		<category><![CDATA[Μη κατηγοριοποιημένο]]></category>
		<category><![CDATA[Cinema]]></category>
		<guid isPermaLink="false">https://spytzo-static-page.pages.dev/?p=237</guid>

					<description><![CDATA[<p>Το σημείο φυγής σε έναν πίνακα είναι η φυσιολογική κατάληξη του ματιού, εκεί που όλα μοιάζουν να οδηγούν. Είναι θέση ισχύος, ηρεμίας, ασφάλειας, ολοκλήρωσης.</p>
<p>The post <a rel="nofollow" href="https://spytzo-static-page.pages.dev/2015/simio-figis/">Σημείο φυγής</a> appeared first on <a rel="nofollow" href="https://spytzo-static-page.pages.dev/">Σπύρος Τζώρτζης</a>.</p>
]]></description>
										<content:encoded><![CDATA[<pre>Neues Schloss Herrenchiemsee, Herreninsel, Chiemsee, Bavaria</pre>
<p>Στις εικαστικές τέχνες υπάρχει ένα πάρα πολύ ενδιαφέρον concept, αυτό του σημείου φυγής. Είναι κάτι που οι ζωγράφοι και οι αρχιτέκτονες μαθαίνουν όπως το &#8220;βου και α, βα&#8221;, εμείς, όμως, οι οικονομικάριοι χρειάζεται να ψάξουμε λίγο περισσότερο <a title="Χάρρυ Κλυνν - Περί ταινίαι τέχνης (3)" href="https://www.youtube.com/watch?v=O9u2I1kzck4" target="_blank" rel="noopener noreferrer">που την πάει ο μάγκας τη δουλειά</a>.<span id="more-237"></span><br />
<img loading="lazy" class="aligncenter size-full wp-image-303" src="https://spytzo-static-page.pages.dev/wp-content/uploads/2015/03/van-gogh-perspective1.jpg" alt="van-gogh-perspective[1]" width="630" height="490" srcset="https://spytzo-static-page.pages.dev/wp-content/uploads/2015/03/van-gogh-perspective1.jpg 630w, https://spytzo-static-page.pages.dev/wp-content/uploads/2015/03/van-gogh-perspective1-300x233.jpg 300w" sizes="(max-width: 630px) 100vw, 630px" /><br />
Το σημείο φυγής σε έναν πίνακα είναι η φυσιολογική κατάληξη του ματιού, εκεί που όλα μοιάζουν να οδηγούν. Είναι από μόνο του μία θέση ισχύος, ηρεμίας, ασφάλειας, ολοκλήρωσης. Η παρουσία του και μόνο ξεκουράζει τον θεατή, δίνει χώρο στην ψυχή και στο συναίσθημα και διευρύνει την κατανόηση μας για το θέμα που παρακολουθούμε.<br />
Μια ακόμη πρόσφατη ανακάλυψη είναι ότι μια κινηματογραφική κάμερα βλέπει πιο καθαρά αρκετά μέτρα μακριά της παρά λίγα εκατοστά μπροστά της. Μια κάμερα είναι φτιαγμένη να καταγράφει αλήθειες ή να λέει περίτεχνα ψέμματα, επομένως είναι φυσιολογικό να επεκτείνει την όρασή της σε πολύ μεγάλο βάθος πεδίου και να αγνοεί την εμπόδια που βρίσκονται εκείνη την στιγμή μπροστά της.<br />
Θα το ήθελα πολύ να ξεκουράσω την ψυχή μου πάνω σου.</p>
<p>The post <a rel="nofollow" href="https://spytzo-static-page.pages.dev/2015/simio-figis/">Σημείο φυγής</a> appeared first on <a rel="nofollow" href="https://spytzo-static-page.pages.dev/">Σπύρος Τζώρτζης</a>.</p>
]]></content:encoded>
					
					<wfw:commentRss>https://spytzo-static-page.pages.dev/2015/simio-figis/feed/</wfw:commentRss>
			<slash:comments>0</slash:comments>
		
		
			</item>
		<item>
		<title>Θάρρος και Αλήθεια</title>
		<link>https://spytzo-static-page.pages.dev/2015/tharros-i-alithia/</link>
					<comments>https://spytzo-static-page.pages.dev/2015/tharros-i-alithia/#comments</comments>
		
		<dc:creator><![CDATA[Σπύρος Τζώρτζης]]></dc:creator>
		<pubDate>Fri, 20 Feb 2015 22:56:27 +0000</pubDate>
				<category><![CDATA[Αχαρτογράφητα]]></category>
		<category><![CDATA[Cinema]]></category>
		<guid isPermaLink="false">https://spytzo-static-page.pages.dev/?p=202</guid>

					<description><![CDATA[<p>Οι Λατίνοι πρόγονοι αναφέρονται, επίσης, στη φράση "Audentes Fortuna Iuvat", δηλαδή "Η τύχη ευνοεί τους τολμηρούς". Εκτός του ότι δεν συνάντησα καμία τύχη στους πιο καλούς και δυνατούς ανθρώπους αυτού του κόσμου, νομίζω ότι η φράση είναι αρκετά προσβλητική και για την ίδια την Αλήθεια.</p>
<p>The post <a rel="nofollow" href="https://spytzo-static-page.pages.dev/2015/tharros-i-alithia/">Θάρρος και Αλήθεια</a> appeared first on <a rel="nofollow" href="https://spytzo-static-page.pages.dev/">Σπύρος Τζώρτζης</a>.</p>
]]></description>
										<content:encoded><![CDATA[
<p>Η αφορμή για αυτό το κείμενο δόθηκε μέσα από το <a rel="noopener noreferrer" href="http://www.imdb.com/title/tt2562232" target="_blank">Birdman</a>, με τον Baster Keaton. Η ταινία από μόνη της είναι μία από τις ωραιότερες θεατρικές παραστάσεις που μπορείτε να παρακολουθήσετε σε έναν κινηματογράφο. Υπάρχει, λοιπόν, αυτή η σκηνή που δύο από τους ήρωες προσπαθούν να επικοινωνήσουν μεταξύ τους παίζοντας Θάρρος ή Αλήθεια, ανταλλάσσοντας ο ένας με τον άλλον τη μοναξιά τους και ενσωματώνοντάς την, είτε σε αυθόρμητες πράξεις αυθάδειας σε περαστικούς, είτε σε στιγμιαίες αποκαλύψεις των χαρακτήρων τους. Δε λέω περισσότερα, να πάτε να τη δείτε.</p>



<p>Θα είχε πλάκα να δούμε πόσο οι άνθρωποι παίζουν ακόμα αυτό το παιχνίδι, έστω και μόνο ως&#8230; παιχνίδι. Με ένα γρήγορο search θα βρείτε το αντίστοιχο app σε <a rel="noopener noreferrer" href="https://itunes.apple.com/gr/app/tharros-e-aletheia/id370207062?mt=8" target="_blank" class="broken_link">iOS</a>, <a rel="noopener noreferrer" href="https://play.google.com/store/apps/details?id=kostas.menu.tharosalitheia&amp;hl=el" target="_blank">Android</a>, Windows Phone (<a rel="noopener noreferrer" href="http://www.windowsphone.com/el-gr/store/app/%CE%B8%CE%AC%CF%81%CF%81%CE%BF%CF%82-%CE%AE-%CE%B1%CE%BB%CE%AE%CE%B8%CE%B5%CE%B9%CE%B1/9b923cee-96ba-4dac-aad3-a5093d41df44" target="_blank">?</a>) και φυσικά σε <a rel="noopener noreferrer" href="http://www.public.gr/product/kids-and-toys/board-games/oikogeneiaka-epitrapezia/epitrapezio-tharros-i-alitheia-ilektroniko/prod12677pp/" target="_blank">επιτραπέζιο</a> για όλη την οικογένεια. Βγήκε και σε τραγούδι του Χατζηγιάννη, αλλά link για αυτό δεν θα βρείτε εδώ<a rel="noopener noreferrer" href="https://www.youtube.com/watch?v=2QhJ_pjJwHU" target="_blank">.</a></p>



<p>Οι Λατίνοι πρόγονοι αναφέρονται, επίσης, στη φράση &#8220;Audentes Fortuna Iuvat&#8221;, δηλαδή &#8220;Η τύχη ευνοεί τους τολμηρούς&#8221;. Εκτός του ότι δεν συνάντησα καμία τύχη στους πιο καλούς και δυνατούς ανθρώπους αυτού του κόσμου, νομίζω ότι η φράση είναι αρκετά προσβλητική και για την ίδια την Αλήθεια.</p>



<p>Πολλές φορές μία αλήθεια μπορεί να είναι από μόνη της αρκετά τρομακτική και να χρειάζεται αρκετό θάρρος για να την σηκώσεις. Αυτό αυτομάτως σημαίνει ότι υπάρχει μία ενοχλητική προκατάληψη υπέρ του θάρρους, λες και οι φοβιτσιάρηδες κατουρήσαμε στο πηγάδι.</p>



<p>Κάθε πρόκληση θάρρους κρύβει μέσα της μια μικρή αλήθεια. Για παράδειγμα, σε έναν σεμνότυφο θα του ζητούσαμε να κάνει τον νταή, από έναν ντροπαλό να φιλήσει έναν άγνωστο στο δρόμο. Από την άλλη, αν δεν έχεις το θάρρος να υπερασπιστείς την αλήθεια σου, δεν μπορείς να την πας και πολύ μακριά.</p>



<p>Κάποιες φορές εύχομαι να μπορούσα να οδηγήσω.<br>Μπορεί να κάνω και λάθος.</p>



<figure class="wp-block-embed-youtube wp-block-embed is-type-video is-provider-youtube wp-embed-aspect-16-9 wp-has-aspect-ratio"><div class="wp-block-embed__wrapper">
<iframe title="Radiohead - I Might Be Wrong" width="580" height="326" src="https://www.youtube.com/embed/vOa--Dhu11M?feature=oembed" frameborder="0" allow="accelerometer; autoplay; encrypted-media; gyroscope; picture-in-picture" allowfullscreen></iframe>
</div></figure>
<p>The post <a rel="nofollow" href="https://spytzo-static-page.pages.dev/2015/tharros-i-alithia/">Θάρρος και Αλήθεια</a> appeared first on <a rel="nofollow" href="https://spytzo-static-page.pages.dev/">Σπύρος Τζώρτζης</a>.</p>
]]></content:encoded>
					
					<wfw:commentRss>https://spytzo-static-page.pages.dev/2015/tharros-i-alithia/feed/</wfw:commentRss>
			<slash:comments>2</slash:comments>
		
		
			</item>
		<item>
		<title>Κάθε χρόνο η ίδια ιστορία</title>
		<link>https://spytzo-static-page.pages.dev/2015/kathe-chrono-idia-istoria/</link>
					<comments>https://spytzo-static-page.pages.dev/2015/kathe-chrono-idia-istoria/#respond</comments>
		
		<dc:creator><![CDATA[Σπύρος Τζώρτζης]]></dc:creator>
		<pubDate>Sat, 14 Feb 2015 00:00:56 +0000</pubDate>
				<category><![CDATA[Αχαρτογράφητα]]></category>
		<category><![CDATA[Τέχνη]]></category>
		<category><![CDATA[Cinema]]></category>
		<guid isPermaLink="false">https://spytzo-static-page.pages.dev/?p=178</guid>

					<description><![CDATA[<p>Είναι υπέροχο, υπέροχο συναίσθημα να βλέπεις την αδικία να αποκαθίσταται, έστω και για λίγο, έστω και σε βάρος του παρελθόντος ή του μέλλοντος, σε ταινίες όπως το About Time και το Source Code, αντίστοιχα.</p>
<p>The post <a rel="nofollow" href="https://spytzo-static-page.pages.dev/2015/kathe-chrono-idia-istoria/">Κάθε χρόνο η ίδια ιστορία</a> appeared first on <a rel="nofollow" href="https://spytzo-static-page.pages.dev/">Σπύρος Τζώρτζης</a>.</p>
]]></description>
										<content:encoded><![CDATA[
<p>Σε κάποιον σαν κι εμένα, με φριχτή <strong>μνήμη </strong>για ονόματα ανθρώπων που συνάντησα έως και λίγα λεπτά νωρίτερα (= name-blindness), φαίνεται αρκετά οξύμωρο να μπορώ να επιχειρηματολογήσω με βεβαιότητα για το πού βρισκόμουν ακριβώς ένα χρόνο από σήμερα, ποιους ανθρώπους είδα, τι παραγγείλαμε για φαγητό, ποια ταινία βάλαμε να δούμε. Εν προκειμένω, ήταν το <a href="http://www.imdb.com/title/tt2194499">About Time</a>, μία ιστορία βασισμένη σε ένα από τα αγαπημένα μου μοτίβα στο storytelling: <em>Τι θα γινόταν αν&#8230;;</em> Αν ανακάλυπτες μια μέρα ότι έχεις υπερφυσικές ικανότητες; Οι οποίες σου επιτρέπουν να μετακινείσαι στο χρόνο <strong>απεριόριστα</strong> και να αλλάζεις τα γεγονότα; [Spoiler alert, δεν συνεχίζω παρακάτω, να πάτε να την δείτε.]</p>



<p>Δεκάδες Παρασκευοσάββατα αργότερα, καταλήγω να βλέπω το <a href="http://www.imdb.com/title/tt0945513">Source Code</a>, μία από εκείνες τις ταινίες που βάζεις στη λίστα σου γιατί <a href="https://www.youtube.com/watch?v=NkTrG-gpIzE">το trailer </a>ήταν μία τεράστια <strong>υπόσχεση</strong> ότι θα δεις ένα sci-fi action movie και καταλήγεις να χαίρεσαι επειδή δεν ήταν μόνο αυτό.</p>



<p>Ίσως υπερβάλλω, αλλά θα μπορούσε κάποιος να πει ότι αυτές οι δύο ταινίες, τυχαία βαλμένες με έναν χρόνο διαφορά η μία από την άλλη, μοιράζονται ένα κοινό χαρακτηριστικό: την <strong>ικανότητα</strong> των ηρώων τους να επιστρέφουν στην αρχή των γεγονότων, να επηρεάζουν την κατάληξή τους και να κερδίζουν τη μάχη με το χρόνο, ξανά και ξανά, για χάρη ενός μεγαλύτερου καλού.</p>



<span id="more-178"></span>



<hr class="wp-block-separator"/>



<p>Είναι, επίσης, περίεργο γιατί μόλις σήμερα&nbsp;είδαμε&nbsp;στο γραφείο το τελευταίο επεισόδιο του καινούργιου love-story&nbsp;web series της Lacta. Σκέφτηκα κάποια στιγμή&nbsp;ότι όσο χαζούλικα ή αφελή κι αν είναι, τέτοια&nbsp;έργα μπορώ και τα λατρεύω μιας και δίνουν ζωή σε έναν καινούργιο φανταστικό κόσμο και έτσι αποκαθιστούν έναν ιδεαλισμό που η πραγματικότητα η ίδια έχει απολέσει.</p>



<p>Αυτό που λέω είναι ότι είναι υπέροχο, υπέροχο συναίσθημα να βλέπεις την αδικία να <strong>αποκαθίσταται</strong>, έστω και για λίγο, έστω και σε βάρος του&nbsp;παρελθόντος ή&nbsp;του μέλλοντος, σε ταινίες όπως το About Time και το Source Code, αντίστοιχα.</p>



<p>Καλή χρονιά, αγάπη μου.</p>



<figure class="wp-block-embed-youtube wp-block-embed is-type-video is-provider-youtube wp-embed-aspect-16-9 wp-has-aspect-ratio"><div class="wp-block-embed__wrapper">
<iframe title="How long will I love you - Jon Boden, Sam Sweeney &amp; Ben Coleman" width="580" height="326" src="https://www.youtube.com/embed/aSgU0gNL2Ac?feature=oembed" frameborder="0" allow="accelerometer; autoplay; encrypted-media; gyroscope; picture-in-picture" allowfullscreen></iframe>
</div><figcaption>Jon Boden, Sam Sweeney &amp; Ben Coleman &#8211; How long will I love you</figcaption></figure>
<p>The post <a rel="nofollow" href="https://spytzo-static-page.pages.dev/2015/kathe-chrono-idia-istoria/">Κάθε χρόνο η ίδια ιστορία</a> appeared first on <a rel="nofollow" href="https://spytzo-static-page.pages.dev/">Σπύρος Τζώρτζης</a>.</p>
]]></content:encoded>
					
					<wfw:commentRss>https://spytzo-static-page.pages.dev/2015/kathe-chrono-idia-istoria/feed/</wfw:commentRss>
			<slash:comments>0</slash:comments>
		
		
			</item>
		<item>
		<title>Η καύτρα που παγώνει</title>
		<link>https://spytzo-static-page.pages.dev/2015/kautra/</link>
					<comments>https://spytzo-static-page.pages.dev/2015/kautra/#respond</comments>
		
		<dc:creator><![CDATA[Σπύρος Τζώρτζης]]></dc:creator>
		<pubDate>Mon, 09 Feb 2015 21:29:06 +0000</pubDate>
				<category><![CDATA[Αχαρτογράφητα]]></category>
		<category><![CDATA[Cinema]]></category>
		<category><![CDATA[Science Fiction]]></category>
		<guid isPermaLink="false">https://spytzo-static-page.pages.dev/?p=137</guid>

					<description><![CDATA[<p>Μόλις επέστρεψα από το σινεμά, μόλις επέστρεψε το κρύο στην Αθήνα. Είναι ξανά η στιγμή -νιώθω- να βγάλω το μπλε μου παλτουδάκι, αυτό που πήραμε μαζί. Γυρίζω τούμπα τη χιονόμπαλα και το χιόνι αρνείται να πέσει, όπως στις ταινίες που ο χρόνος σταματά, όπως το ποτάμι δεν κυλάει όταν δεν έχει πού να πάει.</p>
<p>The post <a rel="nofollow" href="https://spytzo-static-page.pages.dev/2015/kautra/">Η καύτρα που παγώνει</a> appeared first on <a rel="nofollow" href="https://spytzo-static-page.pages.dev/">Σπύρος Τζώρτζης</a>.</p>
]]></description>
										<content:encoded><![CDATA[
<p>Ένας γνωστός μου το &#8216;χε και το &#8216;λεγε, πως τον παππού του τον σκότωσε το τσιγάρο. Μέσα στον εμφύλιο, ένας αντάρτης τυφεκιοφόρος τον εντόπισε στο απέναντι βουνό από την καύτρα του τσιγάρου, αυτό που θα λέγαμε η τελευταία του πνοή.</p>



<p>Περιμένω τους φίλους μου. Μια καύτρα κάτω από τα δέντρα της Κλαυθμώνος, ανάβει και σβήνει, ανάβει και σβήνει, φάρος, ανάβει και σβήνει, ικανός να σκοτώσει, να σου κόψει την ανάσα. 70 λεπτά ενίοτε δεν είναι αρκετά, απόψε μού εξαγόρασαν ένα ευχαριστώ και μια καληνύχτα.</p>



<p>Μόλις επέστρεψα από το <a title="The Imitation Game" href="http://www.imdb.com/title/tt2084970">σινεμά</a>, μόλις επέστρεψε το κρύο στην Αθήνα. Είναι ξανά η στιγμή -νιώθω- να βγάλω το μπλε μου παλτουδάκι, αυτό που πήραμε μαζί. Γυρίζω τούμπα τη χιονόμπαλα και το χιόνι αρνείται να πέσει, όπως στις ταινίες που ο χρόνος σταματά, όπως το ποτάμι δεν κυλάει όταν δεν έχει πού να πάει.</p>



<figure class="wp-block-embed-youtube wp-block-embed is-type-video is-provider-youtube wp-embed-aspect-16-9 wp-has-aspect-ratio"><div class="wp-block-embed__wrapper">
<iframe title="Interpol - Obstacle 1 - Lyrics" width="580" height="326" src="https://www.youtube.com/embed/SrAOxvhC4DY?feature=oembed" frameborder="0" allow="accelerometer; autoplay; encrypted-media; gyroscope; picture-in-picture" allowfullscreen></iframe>
</div></figure>



<p>&#8220;So what am I, a human or a machine?&#8221;. Το περίφημο Τεστ του Alan Turing προϋποθέτει την παρουσία ενός ανθρώπου, ενός υπολογιστή και ενός αντικειμενικού εξωτερικού παρατηρητή, με τον τελευταίο να πρέπει να ξεχωρίσει πότε μιλάει με τον έναν και πότε με τον άλλον. Έτσι, το ίδιο το τεστ δεν αφορά τη δυνατότητα ενός υπολογιστή να δώσει τις σωστές απαντήσεις, αλλά τις ίδιες με αυτές που θα έδινε ένας άνθρωπος.</p>



<p>Η ερώτηση, λοιπόν, αλλάζει. Έχουν οι μηχανές μυστικά; Μπορούν να αποφύγουν να δώσουν μία απάντηση ώστε να προστατεύσουν μία πληροφορία;</p>



<span id="more-137"></span>



<blockquote class="wp-block-quote"><p><i>Το ρομπότ δε θα κάνει κακό σε άνθρωπο, ούτε με την αδράνειά του θα επιτρέψει να βλαφτεί ανθρώπινο όν.</i><br><i>Το ρομπότ πρέπει να υπακούει τις διαταγές που του δίνουν οι άνθρωποι, εκτός αν αυτές οι διαταγές έρχονται σε αντίθεση με τον πρώτο νόμο.</i><br><i>Το ρομπότ οφείλει να προστατεύει την ύπαρξή του, εφόσον αυτό δεν συγκρούεται με τον πρώτο και τον δεύτερο νόμο.</i></p></blockquote>



<p>7 λεπτά από τον χρόνο σας. Ευχαριστώ και καληνύχτα.</p>
<p>The post <a rel="nofollow" href="https://spytzo-static-page.pages.dev/2015/kautra/">Η καύτρα που παγώνει</a> appeared first on <a rel="nofollow" href="https://spytzo-static-page.pages.dev/">Σπύρος Τζώρτζης</a>.</p>
]]></content:encoded>
					
					<wfw:commentRss>https://spytzo-static-page.pages.dev/2015/kautra/feed/</wfw:commentRss>
			<slash:comments>0</slash:comments>
		
		
			</item>
	</channel>
</rss>

<!--
Performance optimized by W3 Total Cache. Learn more: https://www.boldgrid.com/w3-total-cache/

Object Caching 66/68 objects using disk
Page Caching using disk: enhanced 
Lazy Loading (feed)
Database Caching 2/36 queries in 0.020 seconds using memcached

Served from: spytzo.gr @ 2021-03-03 21:25:18 by W3 Total Cache
-->