<?xml version="1.0" encoding="UTF-8"?><rss version="2.0"
	xmlns:content="http://purl.org/rss/1.0/modules/content/"
	xmlns:dc="http://purl.org/dc/elements/1.1/"
	xmlns:atom="http://www.w3.org/2005/Atom"
	xmlns:sy="http://purl.org/rss/1.0/modules/syndication/"
	
	>
<channel>
	<title>
	Σχόλια σε: Σεραφείμ	</title>
	<atom:link href="./index.html" rel="self" type="application/rss+xml" />
	<link>./../index.html</link>
	<description>το blog μου</description>
	<lastBuildDate>Sat, 09 May 2020 22:37:34 +0000</lastBuildDate>
	<sy:updatePeriod>
	hourly	</sy:updatePeriod>
	<sy:updateFrequency>
	1	</sy:updateFrequency>
	<generator>https://wordpress.org/?v=5.6.2</generator>
	<item>
		<title>
		Από: Στον ύπνο μου βλέπω όνειρα ότι κοιμάμαι - Σπύρος Τζώρτζης		</title>
		<link>./../index.html#comment-6</link>

		<dc:creator><![CDATA[Στον ύπνο μου βλέπω όνειρα ότι κοιμάμαι - Σπύρος Τζώρτζης]]></dc:creator>
		<pubDate>Wed, 30 Nov 2016 23:15:28 +0000</pubDate>
		<guid isPermaLink="false">./../../../index.html?p=459#comment-6</guid>

					<description><![CDATA[[&#8230;] νύχτα και μετά από βροχή. Μάλιστα πρέπει να είμαι σκύλος ή κάτι τέτοιο, έτσι καταλαβαίνω την κίνηση. Πιθανώς να [&#8230;]]]></description>
			<content:encoded><![CDATA[<p>[&#8230;] νύχτα και μετά από βροχή. Μάλιστα πρέπει να είμαι σκύλος ή κάτι τέτοιο, έτσι καταλαβαίνω την κίνηση. Πιθανώς να [&#8230;]</p>
]]></content:encoded>
		
			</item>
		<item>
		<title>
		Από: Στον ύπνο μου βλέπω όνειρα ότι κοιμάμαι - Σπύρος Τζώρτζης		</title>
		<link>./../index.html#comment-5</link>

		<dc:creator><![CDATA[Στον ύπνο μου βλέπω όνειρα ότι κοιμάμαι - Σπύρος Τζώρτζης]]></dc:creator>
		<pubDate>Sat, 14 Nov 2015 18:46:45 +0000</pubDate>
		<guid isPermaLink="false">./../../../index.html?p=459#comment-5</guid>

					<description><![CDATA[[&#8230;]  Σεραφείμ  [&#8230;]]]></description>
			<content:encoded><![CDATA[<p>[&#8230;]  Σεραφείμ  [&#8230;]</p>
]]></content:encoded>
		
			</item>
	</channel>
</rss>

<!--
Performance optimized by W3 Total Cache. Learn more: https://www.boldgrid.com/w3-total-cache/

Object Caching 24/26 objects using disk
Page Caching using disk: enhanced 
Lazy Loading (feed)
Database Caching 2/25 queries in 0.012 seconds using memcached

Served from: spytzo.gr @ 2021-03-03 21:25:04 by W3 Total Cache
-->