<?xml version="1.0" encoding="UTF-8"?><rss version="2.0"
	xmlns:content="http://purl.org/rss/1.0/modules/content/"
	xmlns:dc="http://purl.org/dc/elements/1.1/"
	xmlns:atom="http://www.w3.org/2005/Atom"
	xmlns:sy="http://purl.org/rss/1.0/modules/syndication/"
	
	>
<channel>
	<title>
	Σχόλια για Σπύρος Τζώρτζης	</title>
	<atom:link href="./index.html" rel="self" type="application/rss+xml" />
	<link>./../../index.html</link>
	<description>το blog μου</description>
	<lastBuildDate>Sun, 03 Jan 2021 20:07:00 +0000</lastBuildDate>
	<sy:updatePeriod>
	hourly	</sy:updatePeriod>
	<sy:updateFrequency>
	1	</sy:updateFrequency>
	<generator>https://wordpress.org/?v=5.6.2</generator>
	<item>
		<title>
		Σχόλιο στο Όχι πια γκλίτσα, μόνο βέργα από τον/την Σπύρος		</title>
		<link>./../../2020/ochi-pia-gklitsa-mono-verga/index.html#comment-34</link>

		<dc:creator><![CDATA[Σπύρος]]></dc:creator>
		<pubDate>Sun, 03 Jan 2021 20:07:00 +0000</pubDate>
		<guid isPermaLink="false">./../../index.html?p=3331#comment-34</guid>

					<description><![CDATA[Σε απάντηση στο &lt;a href=&quot;./../../2020/ochi-pia-gklitsa-mono-verga/index.html#comment-33&quot;&gt;Gial&lt;/a&gt;.

Εγώ ευχαριστώ για το share :-)]]></description>
			<content:encoded><![CDATA[<p>Σε απάντηση στο <a href="./../../2020/ochi-pia-gklitsa-mono-verga/index.html#comment-33">Gial</a>.</p>
<p>Εγώ ευχαριστώ για το share 🙂</p>
]]></content:encoded>
		
			</item>
		<item>
		<title>
		Σχόλιο στο Όχι πια γκλίτσα, μόνο βέργα από τον/την Gial		</title>
		<link>./../../2020/ochi-pia-gklitsa-mono-verga/index.html#comment-33</link>

		<dc:creator><![CDATA[Gial]]></dc:creator>
		<pubDate>Sun, 03 Jan 2021 09:56:03 +0000</pubDate>
		<guid isPermaLink="false">./../../index.html?p=3331#comment-33</guid>

					<description><![CDATA[Ευχαριστούμε!]]></description>
			<content:encoded><![CDATA[<p>Ευχαριστούμε!</p>
]]></content:encoded>
		
			</item>
		<item>
		<title>
		Σχόλιο στο Σεραφείμ από τον/την Στον ύπνο μου βλέπω όνειρα ότι κοιμάμαι - Σπύρος Τζώρτζης		</title>
		<link>./../../2015/serafim/index.html#comment-6</link>

		<dc:creator><![CDATA[Στον ύπνο μου βλέπω όνειρα ότι κοιμάμαι - Σπύρος Τζώρτζης]]></dc:creator>
		<pubDate>Wed, 30 Nov 2016 23:15:28 +0000</pubDate>
		<guid isPermaLink="false">./../../index.html?p=459#comment-6</guid>

					<description><![CDATA[[&#8230;] νύχτα και μετά από βροχή. Μάλιστα πρέπει να είμαι σκύλος ή κάτι τέτοιο, έτσι καταλαβαίνω την κίνηση. Πιθανώς να [&#8230;]]]></description>
			<content:encoded><![CDATA[<p>[&#8230;] νύχτα και μετά από βροχή. Μάλιστα πρέπει να είμαι σκύλος ή κάτι τέτοιο, έτσι καταλαβαίνω την κίνηση. Πιθανώς να [&#8230;]</p>
]]></content:encoded>
		
			</item>
		<item>
		<title>
		Σχόλιο στο Mr Robot: Μια σειρά για την τεχνολογία και τον διπολικό κόσμο μας από τον/την Mr. Robot: Μια σειρά για την τεχνολογία και τον διπολικό κόσμο μας - KABOOMzine &#124; ημερολόγια πριν από τη μεγάλη έκρηξη		</title>
		<link>./../../2016/mr-robot-mia-seira-gia-tin-technologia-ke-ton-dipoliko-kosmo-mas/index.html#comment-8</link>

		<dc:creator><![CDATA[Mr. Robot: Μια σειρά για την τεχνολογία και τον διπολικό κόσμο μας - KABOOMzine &#124; ημερολόγια πριν από τη μεγάλη έκρηξη]]></dc:creator>
		<pubDate>Mon, 11 Jul 2016 12:32:36 +0000</pubDate>
		<guid isPermaLink="false">./../../index.html?p=547#comment-8</guid>

					<description><![CDATA[[&#8230;] είναι του Σπύρου Τζώρτζη. Αναδημοσιεύουμε από το blog [&#8230;]]]></description>
			<content:encoded><![CDATA[<p>[&#8230;] είναι του Σπύρου Τζώρτζη. Αναδημοσιεύουμε από το blog [&#8230;]</p>
]]></content:encoded>
		
			</item>
		<item>
		<title>
		Σχόλιο στο Κουτσό από τον/την dtzortzis42		</title>
		<link>./../../2016/koutso/index.html#comment-7</link>

		<dc:creator><![CDATA[dtzortzis42]]></dc:creator>
		<pubDate>Wed, 30 Mar 2016 08:39:00 +0000</pubDate>
		<guid isPermaLink="false">./../../index.html?p=518#comment-7</guid>

					<description><![CDATA[Να σου πάρουμε κρεβάτι ρε παλικαράκι μου...!]]></description>
			<content:encoded><![CDATA[<p>Να σου πάρουμε κρεβάτι ρε παλικαράκι μου&#8230;!</p>
]]></content:encoded>
		
			</item>
		<item>
		<title>
		Σχόλιο στο Σεραφείμ από τον/την Στον ύπνο μου βλέπω όνειρα ότι κοιμάμαι - Σπύρος Τζώρτζης		</title>
		<link>./../../2015/serafim/index.html#comment-5</link>

		<dc:creator><![CDATA[Στον ύπνο μου βλέπω όνειρα ότι κοιμάμαι - Σπύρος Τζώρτζης]]></dc:creator>
		<pubDate>Sat, 14 Nov 2015 18:46:45 +0000</pubDate>
		<guid isPermaLink="false">./../../index.html?p=459#comment-5</guid>

					<description><![CDATA[[&#8230;]  Σεραφείμ  [&#8230;]]]></description>
			<content:encoded><![CDATA[<p>[&#8230;]  Σεραφείμ  [&#8230;]</p>
]]></content:encoded>
		
			</item>
		<item>
		<title>
		Σχόλιο στο Μια φράση klein blue από τον/την Themis Savvidis		</title>
		<link>./../../2015/mia-frasi-klein-blue/index.html#comment-4</link>

		<dc:creator><![CDATA[Themis Savvidis]]></dc:creator>
		<pubDate>Fri, 10 Jul 2015 17:48:00 +0000</pubDate>
		<guid isPermaLink="false">./../../index.html?p=405#comment-4</guid>

					<description><![CDATA[Μάλλον κανείς μας δεν το βλέπει σωστά παρά μόνο ο Klein.]]></description>
			<content:encoded><![CDATA[<p>Μάλλον κανείς μας δεν το βλέπει σωστά παρά μόνο ο Klein.</p>
]]></content:encoded>
		
			</item>
		<item>
		<title>
		Σχόλιο στο Θάρρος και Αλήθεια από τον/την dtzortzis42		</title>
		<link>./../../2015/tharros-i-alithia/index.html#comment-3</link>

		<dc:creator><![CDATA[dtzortzis42]]></dc:creator>
		<pubDate>Sun, 22 Feb 2015 00:30:00 +0000</pubDate>
		<guid isPermaLink="false">./../../index.html?p=202#comment-3</guid>

					<description><![CDATA[Επίσης, για πολύ ωραία θεατρική παράσταση στο σινεμά, δες το Venus in Furs, είναι πολύ καλό! Το βλέπω ξανά αν θες :-) ]]></description>
			<content:encoded><![CDATA[<p>Επίσης, για πολύ ωραία θεατρική παράσταση στο σινεμά, δες το Venus in Furs, είναι πολύ καλό! Το βλέπω ξανά αν θες 🙂 </p>
]]></content:encoded>
		
			</item>
		<item>
		<title>
		Σχόλιο στο Θάρρος και Αλήθεια από τον/την dtzortzis42		</title>
		<link>./../../2015/tharros-i-alithia/index.html#comment-2</link>

		<dc:creator><![CDATA[dtzortzis42]]></dc:creator>
		<pubDate>Sat, 21 Feb 2015 09:57:00 +0000</pubDate>
		<guid isPermaLink="false">./../../index.html?p=202#comment-2</guid>

					<description><![CDATA[&quot;λες και οι φοβιτσιάρηδες κατουρήσαμε στο πηγάδι&quot;
Πολύ καλό! ]]></description>
			<content:encoded><![CDATA[<p>&#8220;λες και οι φοβιτσιάρηδες κατουρήσαμε στο πηγάδι&#8221;<br />
Πολύ καλό! </p>
]]></content:encoded>
		
			</item>
	</channel>
</rss>

<!--
Performance optimized by W3 Total Cache. Learn more: https://www.boldgrid.com/w3-total-cache/

Object Caching 33/72 objects using disk
Page Caching using disk: enhanced 
Lazy Loading (feed)
Database Caching 2/45 queries in 0.018 seconds using memcached

Served from: spytzo.gr @ 2021-03-03 21:24:24 by W3 Total Cache
-->