<?xml version="1.0" encoding="UTF-8"?><rss version="2.0"
	xmlns:content="http://purl.org/rss/1.0/modules/content/"
	xmlns:wfw="http://wellformedweb.org/CommentAPI/"
	xmlns:dc="http://purl.org/dc/elements/1.1/"
	xmlns:atom="http://www.w3.org/2005/Atom"
	xmlns:sy="http://purl.org/rss/1.0/modules/syndication/"
	xmlns:slash="http://purl.org/rss/1.0/modules/slash/"
	>

<channel>
	<title>Μεσολόγγι &#8211; Σπύρος Τζώρτζης</title>
	<atom:link href="./index.html" rel="self" type="application/rss+xml" />
	<link>./../../../index.html</link>
	<description>το blog μου</description>
	<lastBuildDate>Sat, 09 May 2020 22:37:34 +0000</lastBuildDate>
	<language>el</language>
	<sy:updatePeriod>
	hourly	</sy:updatePeriod>
	<sy:updateFrequency>
	1	</sy:updateFrequency>
	<generator>https://wordpress.org/?v=5.6.2</generator>

<image>
	<url>./../../../wp-content/uploads/2015/08/circle-icon1-150x150.png</url>
	<title>Μεσολόγγι &#8211; Σπύρος Τζώρτζης</title>
	<link>./../../../index.html</link>
	<width>32</width>
	<height>32</height>
</image> 
	<item>
		<title>Κάθε ελεύθερος άνθρωπος;</title>
		<link>./../../../2015/kathe-eleftheros-anthropos/index.html</link>
					<comments>./../../../2015/kathe-eleftheros-anthropos/index.html#respond</comments>
		
		<dc:creator><![CDATA[Σπύρος Τζώρτζης]]></dc:creator>
		<pubDate>Sat, 26 Dec 2015 13:20:26 +0000</pubDate>
				<category><![CDATA[Αχαρτογράφητα]]></category>
		<category><![CDATA[Μεσολόγγι]]></category>
		<guid isPermaLink="false">./../../../index.html?p=487</guid>

					<description><![CDATA[<p>Από σήμερα, πρέπει το παγκόσμιο σύμβολο της ελευθερίας του ανθρώπου να δηλώνει ότι διαφωνεί με την ίση μεταχείριση των πολιτών απέναντι στα ανθρώπινα δικαιώματα. </p>
<p>The post <a rel="nofollow" href="./../../../2015/kathe-eleftheros-anthropos/index.html">Κάθε ελεύθερος άνθρωπος;</a> appeared first on <a rel="nofollow" href="./../../../index.html">Σπύρος Τζώρτζης</a>.</p>
]]></description>
										<content:encoded><![CDATA[<p>Με μεγάλη λύπη και έκπληξη ενημερωθήκαμε ότι στο τελευταίο Δημοτικό Συμβούλιο του Δήμου Ι.Π. Μεσολογγίου εγκρίθηκε κατά πλειοψηφία ένα ψήφισμα διαμαρτυρίας που κατέθεσε ο χρυσαυγίτης δημ. σύμβουλος Δημήτρης Μακρής κατά του συμφώνου συμβίωσης. Είναι απορίας άξιο το πώς ένα τόσο εχθρικό και ντροπιαστικό κείμενο, με αναφορές σε <strong>&#8220;κίναιδους&#8221;</strong> και στην <strong>&#8220;</strong><strong>Νέα Τάξη Πραγμάτων&#8221;</strong> κατάφερε να εγκριθεί από το Δημοτικό Συμβούλιο και να αποτελέσει την επίσημη έκφραση της πόλης μας για το ζήτημα.<span id="more-487"></span><br />
Η αρχική μας αντίδραση ήταν κάπως έντονη και θα ήταν δύσκολο να την μεταφέρουμε σε γραπτό λόγο. Για αυτό το λόγο σκεφτήκαμε α) να προσπαθήσουμε να αναλύσουμε το ψήφισμα που κατατέθηκε και β) να καταθέσουμε τις δικές μας προτάσεις σχετικά με το ζήτημα. <i>Ακολουθεί το κείμενο του ψηφίσματος, η μορφοποίηση δική μας.</i><br />
<em>“Παρακολουθώντας την χθεσινή Πολιτική επικαιρότητα θα ήθελα να εκφράσω τον αποτροπιασμό μου ως Έλληνας πολίτης και ως Χριστιανός ορθόδοξος, που <b>παραμονές της μεγαλύτερης Εορτής του Χριστιανισμού</b> η Ελληνική Συγκυβέρνηση «Σύριζα Ανελ» έφερε προς ψήφιση το πιο επαίσχυντο Νομοσχέδιο.”`</em><br />
Καταρχάς, η μεγαλύτερη γιορτή του Χριστιανισμού δεν είναι τα Χριστούγεννα αλλά το Πάσχα, όπου ο Χριστός γεννιέται για δεύτερη φορά μέσα από τον θάνατο του. Κάτι που δεν μπορεί να κάνει ο Παύλος Φύσσας <a href="https://el.wikipedia.org/wiki/%CE%94%CE%BF%CE%BB%CE%BF%CF%86%CE%BF%CE%BD%CE%AF%CE%B1_%CF%84%CE%BF%CF%85_%CE%A0%CE%B1%CF%8D%CE%BB%CE%BF%CF%85_%CE%A6%CF%8D%CF%83%CF%83%CE%B1" target="_blank" rel="noopener noreferrer">τον οποίο σκότωσε μέλος της Χρυσής Αυγής</a> στα μέσα του μηνός Σεπτεμβρίου του 2013. Θα άλλαζε κάτι αν το νομοσχέδιο ερχόταν προς ψήφιση π.χ. τον Νοέμβριο;<br />
<em>“Θυμίζω επιγραμματικά ότι στην αρχαία Δημοκρατία των Αθηνών <b>οι κίναιδοι δεν είχαν το δικαίωμα</b> να πολιτευτούν, να ψηφίσουν και δεν μπορούσαν ούτε καν μάρτυρες σε δικαστήρια να είναι.”</em><br />
Αντίστοιχους περιορισμούς αντιμετώπιζαν και οι δούλοι στην Αρχαία Ελλάδα. Επίσης, μην πας μακριά, μέχρι πριν από 50 χρόνια η πολιτισμένη Ευρώπη αποφάσιζε τον χημικό ευνουχισμό λαμπρών κίναιδων (όπως ο <a href="https://en.wikipedia.org/wiki/Alan_Turing" target="_blank" rel="noopener noreferrer">Alan Turing</a>) που έσωζαν εκατοντάδες χιλιάδες ανθρώπινες ζωές στον Β’ Παγκόσμιο Πόλεμο, τον οποίο πόλεμο ξεκίνησαν κάποιοι straight φασίστες.<br />
<em>“Η Παράταξη μου και εγώ προσωπικά καταδικάζουμε το εν λόγο νομοσχέδιο που έχει σαν σκοπό <b>να πλήξει τον θεσμό της Ελληνικής οικογένειας</b> και την Ορθόδοξη χριστιανική μας πίστη, με μόνο σκοπό να εξυπηρετήσει τα σχέδια της <b>Νέας Τάξης Πραγμάτων</b>.”</em><br />
Πρώτον, δεν έχω λόγια. Δεύτερον, ο θεσμός της ελληνικής οικογένειας <a href="https://www.google.gr/search?q=%CE%B5%CE%BD%CE%B4%CE%BF%CE%BF%CE%B9%CE%BA%CE%BF%CE%B3%CE%B5%CE%BD%CE%B5%CE%B9%CE%B1%CE%BA%CE%AE+%CE%B2%CE%AF%CE%B1+%CF%83%CF%84%CE%B7%CE%BD+%CE%B5%CE%BB%CE%BB%CE%AC%CE%B4%CE%B1" target="_blank" rel="noopener noreferrer">τα καταφέρνει μια χαρά</a> και μόνος του.<br />
<em>“Εμείς πιστεύουμε ότι το έθνος μας θα ορθοποδήσει στηριζόμενο σε τρεις πυλώνες της πατρίδας, της θρησκείας και της οικογένειας και όχι υιοθετώντας ξένα πρότυπα που καμία σχέση δεν έχουν με την ιστορία μας και τον πολιτισμό μας.”</em><br />
Είναι αλήθεια πως το συγκεκριμένο τρίπτυχο έχει <a href="http://www.tovima.gr/books-ideas/article/?aid=388201" target="_blank" rel="noopener noreferrer">μεγάλη ιστορία</a>, θα θέλαμε, όμως, να υπενθυμίσουμε ότι οι τελευταίοι που το χρησιμοποίησαν με επιτυχία ήταν πριν από 40 χρόνια και χωρίς θετική κατάληξη. Επιπλέον, στα ξένα πρότυπα να συνυπολογίσουμε και τον Κ.Π. Καβάφη και τον Μάνο Χατζιδάκη.</p>
<hr />
<p><strong>Και τώρα λίγο στα σοβαρά.</strong> Το Μεσολόγγι ήταν πάντα μια <strong>μικρή, ανεκτική</strong> κοινωνία. Ενίοτε συντηρητική, αλλά, πως να το κάνουμε τώρα, πάντα μια κοινωνία <strong>δεκτική</strong> και <strong>ελεύθερη</strong>.<br />
Από σήμερα, όμως, ως δημότες Μεσολογγίου πρέπει να δηλώνουμε πως αρνούμαστε ο ένας σύντροφος να παίρνει ιατρικές αποφάσεις για τον άλλον σύντροφο, πως είναι ανεπίτρεπτο να διεκδικούν την κοινά αποκτηθείσα περιουσία σε περίπτωση που ο ένας από τους δύο εκλείψει, πως είναι ανήκουστο να μπορεί η μία σύντροφος να ασφαλίζει την δική της σύντροφό, κ.ο.κ.<br />
Αλλά κυρίως, πρέπει από σήμερα, <strong>το παγκόσμιο σύμβολο της ελευθερίας</strong> <strong>του ανθρώπου</strong> να δηλώνει επίσημα ότι διαφωνεί με την ίση μεταχείριση των πολιτών απέναντι στα ανθρώπινα δικαιώματα. Αυτό είναι πιο δύσκολο να το εξηγήσεις στα παιδιά σου, από το γεγονός ότι μπορεί δυο άντρες να αγαπιούνται και να θέλουν να φροντίζουν για πάντα ο ένας τον άλλον.<br />
Πανάθεμά μας, χρονιάρες μέρες.</p>
<p>The post <a rel="nofollow" href="./../../../2015/kathe-eleftheros-anthropos/index.html">Κάθε ελεύθερος άνθρωπος;</a> appeared first on <a rel="nofollow" href="./../../../index.html">Σπύρος Τζώρτζης</a>.</p>
]]></content:encoded>
					
					<wfw:commentRss>./../../../2015/kathe-eleftheros-anthropos/feed/index.html</wfw:commentRss>
			<slash:comments>0</slash:comments>
		
		
			</item>
	</channel>
</rss>

<!--
Performance optimized by W3 Total Cache. Learn more: https://www.boldgrid.com/w3-total-cache/

Object Caching 35/37 objects using disk
Page Caching using disk: enhanced 
Lazy Loading (feed)
Database Caching 2/27 queries in 0.009 seconds using memcached

Served from: spytzo.gr @ 2021-03-03 21:25:20 by W3 Total Cache
-->