<?xml version="1.0" encoding="UTF-8"?><rss version="2.0"
	xmlns:content="http://purl.org/rss/1.0/modules/content/"
	xmlns:dc="http://purl.org/dc/elements/1.1/"
	xmlns:atom="http://www.w3.org/2005/Atom"
	xmlns:sy="http://purl.org/rss/1.0/modules/syndication/"
	
	>
<channel>
	<title>
	Σχόλια σε: Mr Robot: Μια σειρά για την τεχνολογία και τον διπολικό κόσμο μας	</title>
	<atom:link href="https://spytzo-static-page.pages.dev/2016/mr-robot-mia-seira-gia-tin-technologia-ke-ton-dipoliko-kosmo-mas/feed/" rel="self" type="application/rss+xml" />
	<link>https://spytzo-static-page.pages.dev/2016/mr-robot-mia-seira-gia-tin-technologia-ke-ton-dipoliko-kosmo-mas/</link>
	<description>το blog μου</description>
	<lastBuildDate>Thu, 26 Nov 2020 08:56:34 +0000</lastBuildDate>
	<sy:updatePeriod>
	hourly	</sy:updatePeriod>
	<sy:updateFrequency>
	1	</sy:updateFrequency>
	<generator>https://wordpress.org/?v=5.6.2</generator>
	<item>
		<title>
		Από: Mr. Robot: Μια σειρά για την τεχνολογία και τον διπολικό κόσμο μας - KABOOMzine &#124; ημερολόγια πριν από τη μεγάλη έκρηξη		</title>
		<link>https://spytzo-static-page.pages.dev/2016/mr-robot-mia-seira-gia-tin-technologia-ke-ton-dipoliko-kosmo-mas/#comment-8</link>

		<dc:creator><![CDATA[Mr. Robot: Μια σειρά για την τεχνολογία και τον διπολικό κόσμο μας - KABOOMzine &#124; ημερολόγια πριν από τη μεγάλη έκρηξη]]></dc:creator>
		<pubDate>Mon, 11 Jul 2016 12:32:36 +0000</pubDate>
		<guid isPermaLink="false">https://spytzo-static-page.pages.dev/?p=547#comment-8</guid>

					<description><![CDATA[[&#8230;] είναι του Σπύρου Τζώρτζη. Αναδημοσιεύουμε από το blog [&#8230;]]]></description>
			<content:encoded><![CDATA[<p>[&#8230;] είναι του Σπύρου Τζώρτζη. Αναδημοσιεύουμε από το blog [&#8230;]</p>
]]></content:encoded>
		
			</item>
	</channel>
</rss>

<!--
Performance optimized by W3 Total Cache. Learn more: https://www.boldgrid.com/w3-total-cache/

Object Caching 24/26 objects using disk
Page Caching using disk: enhanced 
Lazy Loading (feed)
Database Caching 2/24 queries in 0.009 seconds using memcached

Served from: spytzo.gr @ 2021-03-03 21:24:40 by W3 Total Cache
-->