<?xml version="1.0" encoding="UTF-8"?><rss version="2.0"
	xmlns:content="http://purl.org/rss/1.0/modules/content/"
	xmlns:dc="http://purl.org/dc/elements/1.1/"
	xmlns:atom="http://www.w3.org/2005/Atom"
	xmlns:sy="http://purl.org/rss/1.0/modules/syndication/"
	
	>
<channel>
	<title>
	Σχόλια σε: Όχι πια γκλίτσα, μόνο βέργα	</title>
	<atom:link href="https://spytzo-static-page.pages.dev/2020/ochi-pia-gklitsa-mono-verga/feed/" rel="self" type="application/rss+xml" />
	<link>https://spytzo-static-page.pages.dev/2020/ochi-pia-gklitsa-mono-verga/</link>
	<description>το blog μου</description>
	<lastBuildDate>Sun, 03 Jan 2021 20:07:00 +0000</lastBuildDate>
	<sy:updatePeriod>
	hourly	</sy:updatePeriod>
	<sy:updateFrequency>
	1	</sy:updateFrequency>
	<generator>https://wordpress.org/?v=5.6.2</generator>
	<item>
		<title>
		Από: Σπύρος		</title>
		<link>https://spytzo-static-page.pages.dev/2020/ochi-pia-gklitsa-mono-verga/#comment-34</link>

		<dc:creator><![CDATA[Σπύρος]]></dc:creator>
		<pubDate>Sun, 03 Jan 2021 20:07:00 +0000</pubDate>
		<guid isPermaLink="false">https://spytzo-static-page.pages.dev/?p=3331#comment-34</guid>

					<description><![CDATA[Σε απάντηση στο &lt;a href=&quot;https://spytzo-static-page.pages.dev/2020/ochi-pia-gklitsa-mono-verga/#comment-33&quot;&gt;Gial&lt;/a&gt;.

Εγώ ευχαριστώ για το share :-)]]></description>
			<content:encoded><![CDATA[<p>Σε απάντηση στο <a href="https://spytzo-static-page.pages.dev/2020/ochi-pia-gklitsa-mono-verga/#comment-33">Gial</a>.</p>
<p>Εγώ ευχαριστώ για το share 🙂</p>
]]></content:encoded>
		
			</item>
		<item>
		<title>
		Από: Gial		</title>
		<link>https://spytzo-static-page.pages.dev/2020/ochi-pia-gklitsa-mono-verga/#comment-33</link>

		<dc:creator><![CDATA[Gial]]></dc:creator>
		<pubDate>Sun, 03 Jan 2021 09:56:03 +0000</pubDate>
		<guid isPermaLink="false">https://spytzo-static-page.pages.dev/?p=3331#comment-33</guid>

					<description><![CDATA[Ευχαριστούμε!]]></description>
			<content:encoded><![CDATA[<p>Ευχαριστούμε!</p>
]]></content:encoded>
		
			</item>
	</channel>
</rss>

<!--
Performance optimized by W3 Total Cache. Learn more: https://www.boldgrid.com/w3-total-cache/

Object Caching 24/26 objects using disk
Page Caching using disk: enhanced 
Lazy Loading (feed)
Database Caching 2/25 queries in 0.010 seconds using memcached

Served from: spytzo.gr @ 2021-03-03 21:24:37 by W3 Total Cache
-->