<?xml version="1.0" encoding="UTF-8"?><rss version="2.0"
	xmlns:content="http://purl.org/rss/1.0/modules/content/"
	xmlns:dc="http://purl.org/dc/elements/1.1/"
	xmlns:atom="http://www.w3.org/2005/Atom"
	xmlns:sy="http://purl.org/rss/1.0/modules/syndication/"
	
	>
<channel>
	<title>
	Σχόλια σε: Ανοιχτή Ακρόαση #7 &#8211; Νυχτερινοί Κολυμβητές	</title>
	<atom:link href="./index.html" rel="self" type="application/rss+xml" />
	<link>./../index.html</link>
	<description>το blog μου</description>
	<lastBuildDate>Sat, 09 May 2020 22:37:33 +0000</lastBuildDate>
	<sy:updatePeriod>
	hourly	</sy:updatePeriod>
	<sy:updateFrequency>
	1	</sy:updateFrequency>
	<generator>https://wordpress.org/?v=5.6.2</generator>
</channel>
</rss>

<!--
Performance optimized by W3 Total Cache. Learn more: https://www.boldgrid.com/w3-total-cache/

Object Caching 24/26 objects using disk
Page Caching using disk: enhanced 
Lazy Loading (feed)
Database Caching 2/23 queries in 0.009 seconds using memcached

Served from: spytzo.gr @ 2021-03-03 21:24:39 by W3 Total Cache
-->